0,Mol_Fraction_variation/O2_0.0_CO_1.0_CO2_0.0/1e-06_bar/Sim_A_0_B_0/Sim_0_kmc.csh
1,Mol_Fraction_variation/O2_0.0_CO_1.0_CO2_0.0/1e-06_bar/Sim_A_0_B_25/Sim_1_kmc.csh
2,Mol_Fraction_variation/O2_0.0_CO_1.0_CO2_0.0/1e-06_bar/Sim_A_0_B_50/Sim_2_kmc.csh
3,Mol_Fraction_variation/O2_0.0_CO_1.0_CO2_0.0/1e-06_bar/Sim_A_0_B_75/Sim_3_kmc.csh
4,Mol_Fraction_variation/O2_0.0_CO_1.0_CO2_0.0/1e-06_bar/Sim_A_0_B_100/Sim_4_kmc.csh
5,Mol_Fraction_variation/O2_0.0_CO_1.0_CO2_0.0/1e-06_bar/Sim_A_25_B_0/Sim_5_kmc.csh
6,Mol_Fraction_variation/O2_0.0_CO_1.0_CO2_0.0/1e-06_bar/Sim_A_25_B_25/Sim_6_kmc.csh
7,Mol_Fraction_variation/O2_0.0_CO_1.0_CO2_0.0/1e-06_bar/Sim_A_25_B_50/Sim_7_kmc.csh
8,Mol_Fraction_variation/O2_0.0_CO_1.0_CO2_0.0/1e-06_bar/Sim_A_25_B_75/Sim_8_kmc.csh
9,Mol_Fraction_variation/O2_0.0_CO_1.0_CO2_0.0/1e-06_bar/Sim_A_50_B_0/Sim_9_kmc.csh
10,Mol_Fraction_variation/O2_0.0_CO_1.0_CO2_0.0/1e-06_bar/Sim_A_50_B_25/Sim_10_kmc.csh
11,Mol_Fraction_variation/O2_0.0_CO_1.0_CO2_0.0/1e-06_bar/Sim_A_50_B_50/Sim_11_kmc.csh
12,Mol_Fraction_variation/O2_0.0_CO_1.0_CO2_0.0/1e-06_bar/Sim_A_75_B_0/Sim_12_kmc.csh
13,Mol_Fraction_variation/O2_0.0_CO_1.0_CO2_0.0/1e-06_bar/Sim_A_75_B_25/Sim_13_kmc.csh
14,Mol_Fraction_variation/O2_0.0_CO_1.0_CO2_0.0/1e-06_bar/Sim_A_100_B_0/Sim_14_kmc.csh
15,Mol_Fraction_variation/O2_0.0_CO_1.0_CO2_0.0/0.001_bar/Sim_A_0_B_0/Sim_15_kmc.csh
16,Mol_Fraction_variation/O2_0.0_CO_1.0_CO2_0.0/0.001_bar/Sim_A_0_B_25/Sim_16_kmc.csh
17,Mol_Fraction_variation/O2_0.0_CO_1.0_CO2_0.0/0.001_bar/Sim_A_0_B_50/Sim_17_kmc.csh
18,Mol_Fraction_variation/O2_0.0_CO_1.0_CO2_0.0/0.001_bar/Sim_A_0_B_75/Sim_18_kmc.csh
19,Mol_Fraction_variation/O2_0.0_CO_1.0_CO2_0.0/0.001_bar/Sim_A_0_B_100/Sim_19_kmc.csh
20,Mol_Fraction_variation/O2_0.0_CO_1.0_CO2_0.0/0.001_bar/Sim_A_25_B_0/Sim_20_kmc.csh
21,Mol_Fraction_variation/O2_0.0_CO_1.0_CO2_0.0/0.001_bar/Sim_A_25_B_25/Sim_21_kmc.csh
22,Mol_Fraction_variation/O2_0.0_CO_1.0_CO2_0.0/0.001_bar/Sim_A_25_B_50/Sim_22_kmc.csh
23,Mol_Fraction_variation/O2_0.0_CO_1.0_CO2_0.0/0.001_bar/Sim_A_25_B_75/Sim_23_kmc.csh
24,Mol_Fraction_variation/O2_0.0_CO_1.0_CO2_0.0/0.001_bar/Sim_A_50_B_0/Sim_24_kmc.csh
25,Mol_Fraction_variation/O2_0.0_CO_1.0_CO2_0.0/0.001_bar/Sim_A_50_B_25/Sim_25_kmc.csh
26,Mol_Fraction_variation/O2_0.0_CO_1.0_CO2_0.0/0.001_bar/Sim_A_50_B_50/Sim_26_kmc.csh
27,Mol_Fraction_variation/O2_0.0_CO_1.0_CO2_0.0/0.001_bar/Sim_A_75_B_0/Sim_27_kmc.csh
28,Mol_Fraction_variation/O2_0.0_CO_1.0_CO2_0.0/0.001_bar/Sim_A_75_B_25/Sim_28_kmc.csh
29,Mol_Fraction_variation/O2_0.0_CO_1.0_CO2_0.0/0.001_bar/Sim_A_100_B_0/Sim_29_kmc.csh
30,Mol_Fraction_variation/O2_0.0_CO_1.0_CO2_0.0/0.1_bar/Sim_A_0_B_0/Sim_30_kmc.csh
31,Mol_Fraction_variation/O2_0.0_CO_1.0_CO2_0.0/0.1_bar/Sim_A_0_B_25/Sim_31_kmc.csh
32,Mol_Fraction_variation/O2_0.0_CO_1.0_CO2_0.0/0.1_bar/Sim_A_0_B_50/Sim_32_kmc.csh
33,Mol_Fraction_variation/O2_0.0_CO_1.0_CO2_0.0/0.1_bar/Sim_A_0_B_75/Sim_33_kmc.csh
34,Mol_Fraction_variation/O2_0.0_CO_1.0_CO2_0.0/0.1_bar/Sim_A_0_B_100/Sim_34_kmc.csh
35,Mol_Fraction_variation/O2_0.0_CO_1.0_CO2_0.0/0.1_bar/Sim_A_25_B_0/Sim_35_kmc.csh
36,Mol_Fraction_variation/O2_0.0_CO_1.0_CO2_0.0/0.1_bar/Sim_A_25_B_25/Sim_36_kmc.csh
37,Mol_Fraction_variation/O2_0.0_CO_1.0_CO2_0.0/0.1_bar/Sim_A_25_B_50/Sim_37_kmc.csh
38,Mol_Fraction_variation/O2_0.0_CO_1.0_CO2_0.0/0.1_bar/Sim_A_25_B_75/Sim_38_kmc.csh
39,Mol_Fraction_variation/O2_0.0_CO_1.0_CO2_0.0/0.1_bar/Sim_A_50_B_0/Sim_39_kmc.csh
40,Mol_Fraction_variation/O2_0.0_CO_1.0_CO2_0.0/0.1_bar/Sim_A_50_B_25/Sim_40_kmc.csh
41,Mol_Fraction_variation/O2_0.0_CO_1.0_CO2_0.0/0.1_bar/Sim_A_50_B_50/Sim_41_kmc.csh
42,Mol_Fraction_variation/O2_0.0_CO_1.0_CO2_0.0/0.1_bar/Sim_A_75_B_0/Sim_42_kmc.csh
43,Mol_Fraction_variation/O2_0.0_CO_1.0_CO2_0.0/0.1_bar/Sim_A_75_B_25/Sim_43_kmc.csh
44,Mol_Fraction_variation/O2_0.0_CO_1.0_CO2_0.0/0.1_bar/Sim_A_100_B_0/Sim_44_kmc.csh
45,Mol_Fraction_variation/O2_0.0_CO_1.0_CO2_0.0/1.0_bar/Sim_A_0_B_0/Sim_45_kmc.csh
46,Mol_Fraction_variation/O2_0.0_CO_1.0_CO2_0.0/1.0_bar/Sim_A_0_B_25/Sim_46_kmc.csh
47,Mol_Fraction_variation/O2_0.0_CO_1.0_CO2_0.0/1.0_bar/Sim_A_0_B_50/Sim_47_kmc.csh
48,Mol_Fraction_variation/O2_0.0_CO_1.0_CO2_0.0/1.0_bar/Sim_A_0_B_75/Sim_48_kmc.csh
49,Mol_Fraction_variation/O2_0.0_CO_1.0_CO2_0.0/1.0_bar/Sim_A_0_B_100/Sim_49_kmc.csh
50,Mol_Fraction_variation/O2_0.0_CO_1.0_CO2_0.0/1.0_bar/Sim_A_25_B_0/Sim_50_kmc.csh
51,Mol_Fraction_variation/O2_0.0_CO_1.0_CO2_0.0/1.0_bar/Sim_A_25_B_25/Sim_51_kmc.csh
52,Mol_Fraction_variation/O2_0.0_CO_1.0_CO2_0.0/1.0_bar/Sim_A_25_B_50/Sim_52_kmc.csh
53,Mol_Fraction_variation/O2_0.0_CO_1.0_CO2_0.0/1.0_bar/Sim_A_25_B_75/Sim_53_kmc.csh
54,Mol_Fraction_variation/O2_0.0_CO_1.0_CO2_0.0/1.0_bar/Sim_A_50_B_0/Sim_54_kmc.csh
55,Mol_Fraction_variation/O2_0.0_CO_1.0_CO2_0.0/1.0_bar/Sim_A_50_B_25/Sim_55_kmc.csh
56,Mol_Fraction_variation/O2_0.0_CO_1.0_CO2_0.0/1.0_bar/Sim_A_50_B_50/Sim_56_kmc.csh
57,Mol_Fraction_variation/O2_0.0_CO_1.0_CO2_0.0/1.0_bar/Sim_A_75_B_0/Sim_57_kmc.csh
58,Mol_Fraction_variation/O2_0.0_CO_1.0_CO2_0.0/1.0_bar/Sim_A_75_B_25/Sim_58_kmc.csh
59,Mol_Fraction_variation/O2_0.0_CO_1.0_CO2_0.0/1.0_bar/Sim_A_100_B_0/Sim_59_kmc.csh
60,Mol_Fraction_variation/O2_0.0_CO_1.0_CO2_0.0/10.0_bar/Sim_A_0_B_0/Sim_60_kmc.csh
61,Mol_Fraction_variation/O2_0.0_CO_1.0_CO2_0.0/10.0_bar/Sim_A_0_B_25/Sim_61_kmc.csh
62,Mol_Fraction_variation/O2_0.0_CO_1.0_CO2_0.0/10.0_bar/Sim_A_0_B_50/Sim_62_kmc.csh
63,Mol_Fraction_variation/O2_0.0_CO_1.0_CO2_0.0/10.0_bar/Sim_A_0_B_75/Sim_63_kmc.csh
64,Mol_Fraction_variation/O2_0.0_CO_1.0_CO2_0.0/10.0_bar/Sim_A_0_B_100/Sim_64_kmc.csh
65,Mol_Fraction_variation/O2_0.0_CO_1.0_CO2_0.0/10.0_bar/Sim_A_25_B_0/Sim_65_kmc.csh
66,Mol_Fraction_variation/O2_0.0_CO_1.0_CO2_0.0/10.0_bar/Sim_A_25_B_25/Sim_66_kmc.csh
67,Mol_Fraction_variation/O2_0.0_CO_1.0_CO2_0.0/10.0_bar/Sim_A_25_B_50/Sim_67_kmc.csh
68,Mol_Fraction_variation/O2_0.0_CO_1.0_CO2_0.0/10.0_bar/Sim_A_25_B_75/Sim_68_kmc.csh
69,Mol_Fraction_variation/O2_0.0_CO_1.0_CO2_0.0/10.0_bar/Sim_A_50_B_0/Sim_69_kmc.csh
70,Mol_Fraction_variation/O2_0.0_CO_1.0_CO2_0.0/10.0_bar/Sim_A_50_B_25/Sim_70_kmc.csh
71,Mol_Fraction_variation/O2_0.0_CO_1.0_CO2_0.0/10.0_bar/Sim_A_50_B_50/Sim_71_kmc.csh
72,Mol_Fraction_variation/O2_0.0_CO_1.0_CO2_0.0/10.0_bar/Sim_A_75_B_0/Sim_72_kmc.csh
73,Mol_Fraction_variation/O2_0.0_CO_1.0_CO2_0.0/10.0_bar/Sim_A_75_B_25/Sim_73_kmc.csh
74,Mol_Fraction_variation/O2_0.0_CO_1.0_CO2_0.0/10.0_bar/Sim_A_100_B_0/Sim_74_kmc.csh
75,Mol_Fraction_variation/O2_0.0_CO_1.0_CO2_0.0/20.0_bar/Sim_A_0_B_0/Sim_75_kmc.csh
76,Mol_Fraction_variation/O2_0.0_CO_1.0_CO2_0.0/20.0_bar/Sim_A_0_B_25/Sim_76_kmc.csh
77,Mol_Fraction_variation/O2_0.0_CO_1.0_CO2_0.0/20.0_bar/Sim_A_0_B_50/Sim_77_kmc.csh
78,Mol_Fraction_variation/O2_0.0_CO_1.0_CO2_0.0/20.0_bar/Sim_A_0_B_75/Sim_78_kmc.csh
79,Mol_Fraction_variation/O2_0.0_CO_1.0_CO2_0.0/20.0_bar/Sim_A_0_B_100/Sim_79_kmc.csh
80,Mol_Fraction_variation/O2_0.0_CO_1.0_CO2_0.0/20.0_bar/Sim_A_25_B_0/Sim_80_kmc.csh
81,Mol_Fraction_variation/O2_0.0_CO_1.0_CO2_0.0/20.0_bar/Sim_A_25_B_25/Sim_81_kmc.csh
82,Mol_Fraction_variation/O2_0.0_CO_1.0_CO2_0.0/20.0_bar/Sim_A_25_B_50/Sim_82_kmc.csh
83,Mol_Fraction_variation/O2_0.0_CO_1.0_CO2_0.0/20.0_bar/Sim_A_25_B_75/Sim_83_kmc.csh
84,Mol_Fraction_variation/O2_0.0_CO_1.0_CO2_0.0/20.0_bar/Sim_A_50_B_0/Sim_84_kmc.csh
85,Mol_Fraction_variation/O2_0.0_CO_1.0_CO2_0.0/20.0_bar/Sim_A_50_B_25/Sim_85_kmc.csh
86,Mol_Fraction_variation/O2_0.0_CO_1.0_CO2_0.0/20.0_bar/Sim_A_50_B_50/Sim_86_kmc.csh
87,Mol_Fraction_variation/O2_0.0_CO_1.0_CO2_0.0/20.0_bar/Sim_A_75_B_0/Sim_87_kmc.csh
88,Mol_Fraction_variation/O2_0.0_CO_1.0_CO2_0.0/20.0_bar/Sim_A_75_B_25/Sim_88_kmc.csh
89,Mol_Fraction_variation/O2_0.0_CO_1.0_CO2_0.0/20.0_bar/Sim_A_100_B_0/Sim_89_kmc.csh
90,Mol_Fraction_variation/O2_1.0_CO_0.0_CO2_0.0/1e-06_bar/Sim_A_0_B_0/Sim_90_kmc.csh
91,Mol_Fraction_variation/O2_1.0_CO_0.0_CO2_0.0/1e-06_bar/Sim_A_0_B_25/Sim_91_kmc.csh
92,Mol_Fraction_variation/O2_1.0_CO_0.0_CO2_0.0/1e-06_bar/Sim_A_0_B_50/Sim_92_kmc.csh
93,Mol_Fraction_variation/O2_1.0_CO_0.0_CO2_0.0/1e-06_bar/Sim_A_0_B_75/Sim_93_kmc.csh
94,Mol_Fraction_variation/O2_1.0_CO_0.0_CO2_0.0/1e-06_bar/Sim_A_0_B_100/Sim_94_kmc.csh
95,Mol_Fraction_variation/O2_1.0_CO_0.0_CO2_0.0/1e-06_bar/Sim_A_25_B_0/Sim_95_kmc.csh
96,Mol_Fraction_variation/O2_1.0_CO_0.0_CO2_0.0/1e-06_bar/Sim_A_25_B_25/Sim_96_kmc.csh
97,Mol_Fraction_variation/O2_1.0_CO_0.0_CO2_0.0/1e-06_bar/Sim_A_25_B_50/Sim_97_kmc.csh
98,Mol_Fraction_variation/O2_1.0_CO_0.0_CO2_0.0/1e-06_bar/Sim_A_25_B_75/Sim_98_kmc.csh
99,Mol_Fraction_variation/O2_1.0_CO_0.0_CO2_0.0/1e-06_bar/Sim_A_50_B_0/Sim_99_kmc.csh
100,Mol_Fraction_variation/O2_1.0_CO_0.0_CO2_0.0/1e-06_bar/Sim_A_50_B_25/Sim_100_kmc.csh
101,Mol_Fraction_variation/O2_1.0_CO_0.0_CO2_0.0/1e-06_bar/Sim_A_50_B_50/Sim_101_kmc.csh
102,Mol_Fraction_variation/O2_1.0_CO_0.0_CO2_0.0/1e-06_bar/Sim_A_75_B_0/Sim_102_kmc.csh
103,Mol_Fraction_variation/O2_1.0_CO_0.0_CO2_0.0/1e-06_bar/Sim_A_75_B_25/Sim_103_kmc.csh
104,Mol_Fraction_variation/O2_1.0_CO_0.0_CO2_0.0/1e-06_bar/Sim_A_100_B_0/Sim_104_kmc.csh
105,Mol_Fraction_variation/O2_1.0_CO_0.0_CO2_0.0/0.001_bar/Sim_A_0_B_0/Sim_105_kmc.csh
106,Mol_Fraction_variation/O2_1.0_CO_0.0_CO2_0.0/0.001_bar/Sim_A_0_B_25/Sim_106_kmc.csh
107,Mol_Fraction_variation/O2_1.0_CO_0.0_CO2_0.0/0.001_bar/Sim_A_0_B_50/Sim_107_kmc.csh
108,Mol_Fraction_variation/O2_1.0_CO_0.0_CO2_0.0/0.001_bar/Sim_A_0_B_75/Sim_108_kmc.csh
109,Mol_Fraction_variation/O2_1.0_CO_0.0_CO2_0.0/0.001_bar/Sim_A_0_B_100/Sim_109_kmc.csh
110,Mol_Fraction_variation/O2_1.0_CO_0.0_CO2_0.0/0.001_bar/Sim_A_25_B_0/Sim_110_kmc.csh
111,Mol_Fraction_variation/O2_1.0_CO_0.0_CO2_0.0/0.001_bar/Sim_A_25_B_25/Sim_111_kmc.csh
112,Mol_Fraction_variation/O2_1.0_CO_0.0_CO2_0.0/0.001_bar/Sim_A_25_B_50/Sim_112_kmc.csh
113,Mol_Fraction_variation/O2_1.0_CO_0.0_CO2_0.0/0.001_bar/Sim_A_25_B_75/Sim_113_kmc.csh
114,Mol_Fraction_variation/O2_1.0_CO_0.0_CO2_0.0/0.001_bar/Sim_A_50_B_0/Sim_114_kmc.csh
115,Mol_Fraction_variation/O2_1.0_CO_0.0_CO2_0.0/0.001_bar/Sim_A_50_B_25/Sim_115_kmc.csh
116,Mol_Fraction_variation/O2_1.0_CO_0.0_CO2_0.0/0.001_bar/Sim_A_50_B_50/Sim_116_kmc.csh
117,Mol_Fraction_variation/O2_1.0_CO_0.0_CO2_0.0/0.001_bar/Sim_A_75_B_0/Sim_117_kmc.csh
118,Mol_Fraction_variation/O2_1.0_CO_0.0_CO2_0.0/0.001_bar/Sim_A_75_B_25/Sim_118_kmc.csh
119,Mol_Fraction_variation/O2_1.0_CO_0.0_CO2_0.0/0.001_bar/Sim_A_100_B_0/Sim_119_kmc.csh
120,Mol_Fraction_variation/O2_1.0_CO_0.0_CO2_0.0/0.1_bar/Sim_A_0_B_0/Sim_120_kmc.csh
121,Mol_Fraction_variation/O2_1.0_CO_0.0_CO2_0.0/0.1_bar/Sim_A_0_B_25/Sim_121_kmc.csh
122,Mol_Fraction_variation/O2_1.0_CO_0.0_CO2_0.0/0.1_bar/Sim_A_0_B_50/Sim_122_kmc.csh
123,Mol_Fraction_variation/O2_1.0_CO_0.0_CO2_0.0/0.1_bar/Sim_A_0_B_75/Sim_123_kmc.csh
124,Mol_Fraction_variation/O2_1.0_CO_0.0_CO2_0.0/0.1_bar/Sim_A_0_B_100/Sim_124_kmc.csh
125,Mol_Fraction_variation/O2_1.0_CO_0.0_CO2_0.0/0.1_bar/Sim_A_25_B_0/Sim_125_kmc.csh
126,Mol_Fraction_variation/O2_1.0_CO_0.0_CO2_0.0/0.1_bar/Sim_A_25_B_25/Sim_126_kmc.csh
127,Mol_Fraction_variation/O2_1.0_CO_0.0_CO2_0.0/0.1_bar/Sim_A_25_B_50/Sim_127_kmc.csh
128,Mol_Fraction_variation/O2_1.0_CO_0.0_CO2_0.0/0.1_bar/Sim_A_25_B_75/Sim_128_kmc.csh
129,Mol_Fraction_variation/O2_1.0_CO_0.0_CO2_0.0/0.1_bar/Sim_A_50_B_0/Sim_129_kmc.csh
130,Mol_Fraction_variation/O2_1.0_CO_0.0_CO2_0.0/0.1_bar/Sim_A_50_B_25/Sim_130_kmc.csh
131,Mol_Fraction_variation/O2_1.0_CO_0.0_CO2_0.0/0.1_bar/Sim_A_50_B_50/Sim_131_kmc.csh
132,Mol_Fraction_variation/O2_1.0_CO_0.0_CO2_0.0/0.1_bar/Sim_A_75_B_0/Sim_132_kmc.csh
133,Mol_Fraction_variation/O2_1.0_CO_0.0_CO2_0.0/0.1_bar/Sim_A_75_B_25/Sim_133_kmc.csh
134,Mol_Fraction_variation/O2_1.0_CO_0.0_CO2_0.0/0.1_bar/Sim_A_100_B_0/Sim_134_kmc.csh
135,Mol_Fraction_variation/O2_1.0_CO_0.0_CO2_0.0/1.0_bar/Sim_A_0_B_0/Sim_135_kmc.csh
136,Mol_Fraction_variation/O2_1.0_CO_0.0_CO2_0.0/1.0_bar/Sim_A_0_B_25/Sim_136_kmc.csh
137,Mol_Fraction_variation/O2_1.0_CO_0.0_CO2_0.0/1.0_bar/Sim_A_0_B_50/Sim_137_kmc.csh
138,Mol_Fraction_variation/O2_1.0_CO_0.0_CO2_0.0/1.0_bar/Sim_A_0_B_75/Sim_138_kmc.csh
139,Mol_Fraction_variation/O2_1.0_CO_0.0_CO2_0.0/1.0_bar/Sim_A_0_B_100/Sim_139_kmc.csh
140,Mol_Fraction_variation/O2_1.0_CO_0.0_CO2_0.0/1.0_bar/Sim_A_25_B_0/Sim_140_kmc.csh
141,Mol_Fraction_variation/O2_1.0_CO_0.0_CO2_0.0/1.0_bar/Sim_A_25_B_25/Sim_141_kmc.csh
142,Mol_Fraction_variation/O2_1.0_CO_0.0_CO2_0.0/1.0_bar/Sim_A_25_B_50/Sim_142_kmc.csh
143,Mol_Fraction_variation/O2_1.0_CO_0.0_CO2_0.0/1.0_bar/Sim_A_25_B_75/Sim_143_kmc.csh
144,Mol_Fraction_variation/O2_1.0_CO_0.0_CO2_0.0/1.0_bar/Sim_A_50_B_0/Sim_144_kmc.csh
145,Mol_Fraction_variation/O2_1.0_CO_0.0_CO2_0.0/1.0_bar/Sim_A_50_B_25/Sim_145_kmc.csh
146,Mol_Fraction_variation/O2_1.0_CO_0.0_CO2_0.0/1.0_bar/Sim_A_50_B_50/Sim_146_kmc.csh
147,Mol_Fraction_variation/O2_1.0_CO_0.0_CO2_0.0/1.0_bar/Sim_A_75_B_0/Sim_147_kmc.csh
148,Mol_Fraction_variation/O2_1.0_CO_0.0_CO2_0.0/1.0_bar/Sim_A_75_B_25/Sim_148_kmc.csh
149,Mol_Fraction_variation/O2_1.0_CO_0.0_CO2_0.0/1.0_bar/Sim_A_100_B_0/Sim_149_kmc.csh
150,Mol_Fraction_variation/O2_1.0_CO_0.0_CO2_0.0/10.0_bar/Sim_A_0_B_0/Sim_150_kmc.csh
151,Mol_Fraction_variation/O2_1.0_CO_0.0_CO2_0.0/10.0_bar/Sim_A_0_B_25/Sim_151_kmc.csh
152,Mol_Fraction_variation/O2_1.0_CO_0.0_CO2_0.0/10.0_bar/Sim_A_0_B_50/Sim_152_kmc.csh
153,Mol_Fraction_variation/O2_1.0_CO_0.0_CO2_0.0/10.0_bar/Sim_A_0_B_75/Sim_153_kmc.csh
154,Mol_Fraction_variation/O2_1.0_CO_0.0_CO2_0.0/10.0_bar/Sim_A_0_B_100/Sim_154_kmc.csh
155,Mol_Fraction_variation/O2_1.0_CO_0.0_CO2_0.0/10.0_bar/Sim_A_25_B_0/Sim_155_kmc.csh
156,Mol_Fraction_variation/O2_1.0_CO_0.0_CO2_0.0/10.0_bar/Sim_A_25_B_25/Sim_156_kmc.csh
157,Mol_Fraction_variation/O2_1.0_CO_0.0_CO2_0.0/10.0_bar/Sim_A_25_B_50/Sim_157_kmc.csh
158,Mol_Fraction_variation/O2_1.0_CO_0.0_CO2_0.0/10.0_bar/Sim_A_25_B_75/Sim_158_kmc.csh
159,Mol_Fraction_variation/O2_1.0_CO_0.0_CO2_0.0/10.0_bar/Sim_A_50_B_0/Sim_159_kmc.csh
160,Mol_Fraction_variation/O2_1.0_CO_0.0_CO2_0.0/10.0_bar/Sim_A_50_B_25/Sim_160_kmc.csh
161,Mol_Fraction_variation/O2_1.0_CO_0.0_CO2_0.0/10.0_bar/Sim_A_50_B_50/Sim_161_kmc.csh
162,Mol_Fraction_variation/O2_1.0_CO_0.0_CO2_0.0/10.0_bar/Sim_A_75_B_0/Sim_162_kmc.csh
163,Mol_Fraction_variation/O2_1.0_CO_0.0_CO2_0.0/10.0_bar/Sim_A_75_B_25/Sim_163_kmc.csh
164,Mol_Fraction_variation/O2_1.0_CO_0.0_CO2_0.0/10.0_bar/Sim_A_100_B_0/Sim_164_kmc.csh
165,Mol_Fraction_variation/O2_1.0_CO_0.0_CO2_0.0/20.0_bar/Sim_A_0_B_0/Sim_165_kmc.csh
166,Mol_Fraction_variation/O2_1.0_CO_0.0_CO2_0.0/20.0_bar/Sim_A_0_B_25/Sim_166_kmc.csh
167,Mol_Fraction_variation/O2_1.0_CO_0.0_CO2_0.0/20.0_bar/Sim_A_0_B_50/Sim_167_kmc.csh
168,Mol_Fraction_variation/O2_1.0_CO_0.0_CO2_0.0/20.0_bar/Sim_A_0_B_75/Sim_168_kmc.csh
169,Mol_Fraction_variation/O2_1.0_CO_0.0_CO2_0.0/20.0_bar/Sim_A_0_B_100/Sim_169_kmc.csh
170,Mol_Fraction_variation/O2_1.0_CO_0.0_CO2_0.0/20.0_bar/Sim_A_25_B_0/Sim_170_kmc.csh
171,Mol_Fraction_variation/O2_1.0_CO_0.0_CO2_0.0/20.0_bar/Sim_A_25_B_25/Sim_171_kmc.csh
172,Mol_Fraction_variation/O2_1.0_CO_0.0_CO2_0.0/20.0_bar/Sim_A_25_B_50/Sim_172_kmc.csh
173,Mol_Fraction_variation/O2_1.0_CO_0.0_CO2_0.0/20.0_bar/Sim_A_25_B_75/Sim_173_kmc.csh
174,Mol_Fraction_variation/O2_1.0_CO_0.0_CO2_0.0/20.0_bar/Sim_A_50_B_0/Sim_174_kmc.csh
175,Mol_Fraction_variation/O2_1.0_CO_0.0_CO2_0.0/20.0_bar/Sim_A_50_B_25/Sim_175_kmc.csh
176,Mol_Fraction_variation/O2_1.0_CO_0.0_CO2_0.0/20.0_bar/Sim_A_50_B_50/Sim_176_kmc.csh
177,Mol_Fraction_variation/O2_1.0_CO_0.0_CO2_0.0/20.0_bar/Sim_A_75_B_0/Sim_177_kmc.csh
178,Mol_Fraction_variation/O2_1.0_CO_0.0_CO2_0.0/20.0_bar/Sim_A_75_B_25/Sim_178_kmc.csh
179,Mol_Fraction_variation/O2_1.0_CO_0.0_CO2_0.0/20.0_bar/Sim_A_100_B_0/Sim_179_kmc.csh
180,Mol_Fraction_variation/O2_0.5_CO_0.5_CO2_0.0/1e-06_bar/Sim_A_0_B_0/Sim_180_kmc.csh
181,Mol_Fraction_variation/O2_0.5_CO_0.5_CO2_0.0/1e-06_bar/Sim_A_0_B_25/Sim_181_kmc.csh
182,Mol_Fraction_variation/O2_0.5_CO_0.5_CO2_0.0/1e-06_bar/Sim_A_0_B_50/Sim_182_kmc.csh
183,Mol_Fraction_variation/O2_0.5_CO_0.5_CO2_0.0/1e-06_bar/Sim_A_0_B_75/Sim_183_kmc.csh
184,Mol_Fraction_variation/O2_0.5_CO_0.5_CO2_0.0/1e-06_bar/Sim_A_0_B_100/Sim_184_kmc.csh
185,Mol_Fraction_variation/O2_0.5_CO_0.5_CO2_0.0/1e-06_bar/Sim_A_25_B_0/Sim_185_kmc.csh
186,Mol_Fraction_variation/O2_0.5_CO_0.5_CO2_0.0/1e-06_bar/Sim_A_25_B_25/Sim_186_kmc.csh
187,Mol_Fraction_variation/O2_0.5_CO_0.5_CO2_0.0/1e-06_bar/Sim_A_25_B_50/Sim_187_kmc.csh
188,Mol_Fraction_variation/O2_0.5_CO_0.5_CO2_0.0/1e-06_bar/Sim_A_25_B_75/Sim_188_kmc.csh
189,Mol_Fraction_variation/O2_0.5_CO_0.5_CO2_0.0/1e-06_bar/Sim_A_50_B_0/Sim_189_kmc.csh
190,Mol_Fraction_variation/O2_0.5_CO_0.5_CO2_0.0/1e-06_bar/Sim_A_50_B_25/Sim_190_kmc.csh
191,Mol_Fraction_variation/O2_0.5_CO_0.5_CO2_0.0/1e-06_bar/Sim_A_50_B_50/Sim_191_kmc.csh
192,Mol_Fraction_variation/O2_0.5_CO_0.5_CO2_0.0/1e-06_bar/Sim_A_75_B_0/Sim_192_kmc.csh
193,Mol_Fraction_variation/O2_0.5_CO_0.5_CO2_0.0/1e-06_bar/Sim_A_75_B_25/Sim_193_kmc.csh
194,Mol_Fraction_variation/O2_0.5_CO_0.5_CO2_0.0/1e-06_bar/Sim_A_100_B_0/Sim_194_kmc.csh
195,Mol_Fraction_variation/O2_0.5_CO_0.5_CO2_0.0/0.001_bar/Sim_A_0_B_0/Sim_195_kmc.csh
196,Mol_Fraction_variation/O2_0.5_CO_0.5_CO2_0.0/0.001_bar/Sim_A_0_B_25/Sim_196_kmc.csh
197,Mol_Fraction_variation/O2_0.5_CO_0.5_CO2_0.0/0.001_bar/Sim_A_0_B_50/Sim_197_kmc.csh
198,Mol_Fraction_variation/O2_0.5_CO_0.5_CO2_0.0/0.001_bar/Sim_A_0_B_75/Sim_198_kmc.csh
199,Mol_Fraction_variation/O2_0.5_CO_0.5_CO2_0.0/0.001_bar/Sim_A_0_B_100/Sim_199_kmc.csh
200,Mol_Fraction_variation/O2_0.5_CO_0.5_CO2_0.0/0.001_bar/Sim_A_25_B_0/Sim_200_kmc.csh
201,Mol_Fraction_variation/O2_0.5_CO_0.5_CO2_0.0/0.001_bar/Sim_A_25_B_25/Sim_201_kmc.csh
202,Mol_Fraction_variation/O2_0.5_CO_0.5_CO2_0.0/0.001_bar/Sim_A_25_B_50/Sim_202_kmc.csh
203,Mol_Fraction_variation/O2_0.5_CO_0.5_CO2_0.0/0.001_bar/Sim_A_25_B_75/Sim_203_kmc.csh
204,Mol_Fraction_variation/O2_0.5_CO_0.5_CO2_0.0/0.001_bar/Sim_A_50_B_0/Sim_204_kmc.csh
205,Mol_Fraction_variation/O2_0.5_CO_0.5_CO2_0.0/0.001_bar/Sim_A_50_B_25/Sim_205_kmc.csh
206,Mol_Fraction_variation/O2_0.5_CO_0.5_CO2_0.0/0.001_bar/Sim_A_50_B_50/Sim_206_kmc.csh
207,Mol_Fraction_variation/O2_0.5_CO_0.5_CO2_0.0/0.001_bar/Sim_A_75_B_0/Sim_207_kmc.csh
208,Mol_Fraction_variation/O2_0.5_CO_0.5_CO2_0.0/0.001_bar/Sim_A_75_B_25/Sim_208_kmc.csh
209,Mol_Fraction_variation/O2_0.5_CO_0.5_CO2_0.0/0.001_bar/Sim_A_100_B_0/Sim_209_kmc.csh
210,Mol_Fraction_variation/O2_0.5_CO_0.5_CO2_0.0/0.1_bar/Sim_A_0_B_0/Sim_210_kmc.csh
211,Mol_Fraction_variation/O2_0.5_CO_0.5_CO2_0.0/0.1_bar/Sim_A_0_B_25/Sim_211_kmc.csh
212,Mol_Fraction_variation/O2_0.5_CO_0.5_CO2_0.0/0.1_bar/Sim_A_0_B_50/Sim_212_kmc.csh
213,Mol_Fraction_variation/O2_0.5_CO_0.5_CO2_0.0/0.1_bar/Sim_A_0_B_75/Sim_213_kmc.csh
214,Mol_Fraction_variation/O2_0.5_CO_0.5_CO2_0.0/0.1_bar/Sim_A_0_B_100/Sim_214_kmc.csh
215,Mol_Fraction_variation/O2_0.5_CO_0.5_CO2_0.0/0.1_bar/Sim_A_25_B_0/Sim_215_kmc.csh
216,Mol_Fraction_variation/O2_0.5_CO_0.5_CO2_0.0/0.1_bar/Sim_A_25_B_25/Sim_216_kmc.csh
217,Mol_Fraction_variation/O2_0.5_CO_0.5_CO2_0.0/0.1_bar/Sim_A_25_B_50/Sim_217_kmc.csh
218,Mol_Fraction_variation/O2_0.5_CO_0.5_CO2_0.0/0.1_bar/Sim_A_25_B_75/Sim_218_kmc.csh
219,Mol_Fraction_variation/O2_0.5_CO_0.5_CO2_0.0/0.1_bar/Sim_A_50_B_0/Sim_219_kmc.csh
220,Mol_Fraction_variation/O2_0.5_CO_0.5_CO2_0.0/0.1_bar/Sim_A_50_B_25/Sim_220_kmc.csh
221,Mol_Fraction_variation/O2_0.5_CO_0.5_CO2_0.0/0.1_bar/Sim_A_50_B_50/Sim_221_kmc.csh
222,Mol_Fraction_variation/O2_0.5_CO_0.5_CO2_0.0/0.1_bar/Sim_A_75_B_0/Sim_222_kmc.csh
223,Mol_Fraction_variation/O2_0.5_CO_0.5_CO2_0.0/0.1_bar/Sim_A_75_B_25/Sim_223_kmc.csh
224,Mol_Fraction_variation/O2_0.5_CO_0.5_CO2_0.0/0.1_bar/Sim_A_100_B_0/Sim_224_kmc.csh
225,Mol_Fraction_variation/O2_0.5_CO_0.5_CO2_0.0/1.0_bar/Sim_A_0_B_0/Sim_225_kmc.csh
226,Mol_Fraction_variation/O2_0.5_CO_0.5_CO2_0.0/1.0_bar/Sim_A_0_B_25/Sim_226_kmc.csh
227,Mol_Fraction_variation/O2_0.5_CO_0.5_CO2_0.0/1.0_bar/Sim_A_0_B_50/Sim_227_kmc.csh
228,Mol_Fraction_variation/O2_0.5_CO_0.5_CO2_0.0/1.0_bar/Sim_A_0_B_75/Sim_228_kmc.csh
229,Mol_Fraction_variation/O2_0.5_CO_0.5_CO2_0.0/1.0_bar/Sim_A_0_B_100/Sim_229_kmc.csh
230,Mol_Fraction_variation/O2_0.5_CO_0.5_CO2_0.0/1.0_bar/Sim_A_25_B_0/Sim_230_kmc.csh
231,Mol_Fraction_variation/O2_0.5_CO_0.5_CO2_0.0/1.0_bar/Sim_A_25_B_25/Sim_231_kmc.csh
232,Mol_Fraction_variation/O2_0.5_CO_0.5_CO2_0.0/1.0_bar/Sim_A_25_B_50/Sim_232_kmc.csh
233,Mol_Fraction_variation/O2_0.5_CO_0.5_CO2_0.0/1.0_bar/Sim_A_25_B_75/Sim_233_kmc.csh
234,Mol_Fraction_variation/O2_0.5_CO_0.5_CO2_0.0/1.0_bar/Sim_A_50_B_0/Sim_234_kmc.csh
235,Mol_Fraction_variation/O2_0.5_CO_0.5_CO2_0.0/1.0_bar/Sim_A_50_B_25/Sim_235_kmc.csh
236,Mol_Fraction_variation/O2_0.5_CO_0.5_CO2_0.0/1.0_bar/Sim_A_50_B_50/Sim_236_kmc.csh
237,Mol_Fraction_variation/O2_0.5_CO_0.5_CO2_0.0/1.0_bar/Sim_A_75_B_0/Sim_237_kmc.csh
238,Mol_Fraction_variation/O2_0.5_CO_0.5_CO2_0.0/1.0_bar/Sim_A_75_B_25/Sim_238_kmc.csh
239,Mol_Fraction_variation/O2_0.5_CO_0.5_CO2_0.0/1.0_bar/Sim_A_100_B_0/Sim_239_kmc.csh
240,Mol_Fraction_variation/O2_0.5_CO_0.5_CO2_0.0/10.0_bar/Sim_A_0_B_0/Sim_240_kmc.csh
241,Mol_Fraction_variation/O2_0.5_CO_0.5_CO2_0.0/10.0_bar/Sim_A_0_B_25/Sim_241_kmc.csh
242,Mol_Fraction_variation/O2_0.5_CO_0.5_CO2_0.0/10.0_bar/Sim_A_0_B_50/Sim_242_kmc.csh
243,Mol_Fraction_variation/O2_0.5_CO_0.5_CO2_0.0/10.0_bar/Sim_A_0_B_75/Sim_243_kmc.csh
244,Mol_Fraction_variation/O2_0.5_CO_0.5_CO2_0.0/10.0_bar/Sim_A_0_B_100/Sim_244_kmc.csh
245,Mol_Fraction_variation/O2_0.5_CO_0.5_CO2_0.0/10.0_bar/Sim_A_25_B_0/Sim_245_kmc.csh
246,Mol_Fraction_variation/O2_0.5_CO_0.5_CO2_0.0/10.0_bar/Sim_A_25_B_25/Sim_246_kmc.csh
247,Mol_Fraction_variation/O2_0.5_CO_0.5_CO2_0.0/10.0_bar/Sim_A_25_B_50/Sim_247_kmc.csh
248,Mol_Fraction_variation/O2_0.5_CO_0.5_CO2_0.0/10.0_bar/Sim_A_25_B_75/Sim_248_kmc.csh
249,Mol_Fraction_variation/O2_0.5_CO_0.5_CO2_0.0/10.0_bar/Sim_A_50_B_0/Sim_249_kmc.csh
250,Mol_Fraction_variation/O2_0.5_CO_0.5_CO2_0.0/10.0_bar/Sim_A_50_B_25/Sim_250_kmc.csh
251,Mol_Fraction_variation/O2_0.5_CO_0.5_CO2_0.0/10.0_bar/Sim_A_50_B_50/Sim_251_kmc.csh
252,Mol_Fraction_variation/O2_0.5_CO_0.5_CO2_0.0/10.0_bar/Sim_A_75_B_0/Sim_252_kmc.csh
253,Mol_Fraction_variation/O2_0.5_CO_0.5_CO2_0.0/10.0_bar/Sim_A_75_B_25/Sim_253_kmc.csh
254,Mol_Fraction_variation/O2_0.5_CO_0.5_CO2_0.0/10.0_bar/Sim_A_100_B_0/Sim_254_kmc.csh
255,Mol_Fraction_variation/O2_0.5_CO_0.5_CO2_0.0/20.0_bar/Sim_A_0_B_0/Sim_255_kmc.csh
256,Mol_Fraction_variation/O2_0.5_CO_0.5_CO2_0.0/20.0_bar/Sim_A_0_B_25/Sim_256_kmc.csh
257,Mol_Fraction_variation/O2_0.5_CO_0.5_CO2_0.0/20.0_bar/Sim_A_0_B_50/Sim_257_kmc.csh
258,Mol_Fraction_variation/O2_0.5_CO_0.5_CO2_0.0/20.0_bar/Sim_A_0_B_75/Sim_258_kmc.csh
259,Mol_Fraction_variation/O2_0.5_CO_0.5_CO2_0.0/20.0_bar/Sim_A_0_B_100/Sim_259_kmc.csh
260,Mol_Fraction_variation/O2_0.5_CO_0.5_CO2_0.0/20.0_bar/Sim_A_25_B_0/Sim_260_kmc.csh
261,Mol_Fraction_variation/O2_0.5_CO_0.5_CO2_0.0/20.0_bar/Sim_A_25_B_25/Sim_261_kmc.csh
262,Mol_Fraction_variation/O2_0.5_CO_0.5_CO2_0.0/20.0_bar/Sim_A_25_B_50/Sim_262_kmc.csh
263,Mol_Fraction_variation/O2_0.5_CO_0.5_CO2_0.0/20.0_bar/Sim_A_25_B_75/Sim_263_kmc.csh
264,Mol_Fraction_variation/O2_0.5_CO_0.5_CO2_0.0/20.0_bar/Sim_A_50_B_0/Sim_264_kmc.csh
265,Mol_Fraction_variation/O2_0.5_CO_0.5_CO2_0.0/20.0_bar/Sim_A_50_B_25/Sim_265_kmc.csh
266,Mol_Fraction_variation/O2_0.5_CO_0.5_CO2_0.0/20.0_bar/Sim_A_50_B_50/Sim_266_kmc.csh
267,Mol_Fraction_variation/O2_0.5_CO_0.5_CO2_0.0/20.0_bar/Sim_A_75_B_0/Sim_267_kmc.csh
268,Mol_Fraction_variation/O2_0.5_CO_0.5_CO2_0.0/20.0_bar/Sim_A_75_B_25/Sim_268_kmc.csh
269,Mol_Fraction_variation/O2_0.5_CO_0.5_CO2_0.0/20.0_bar/Sim_A_100_B_0/Sim_269_kmc.csh
